"REF_DATE","GEO","DGUID","Industry","UOM","UOM_ID","SCALAR_FACTOR","SCALAR_ID","VECTOR","COORDINATE","VALUE","STATUS","SYMBOL","TERMINATED","DECIMALS"
"1997","Canada","2016A000011124","Total industries","Dollars","81","millions","6","v64598657","1.1","840500.3","","","","1"
"1998","Canada","2016A000011124","Total industries","Dollars","81","millions","6","v64598657","1.1","870794.2","","","","1"
"1999","Canada","2016A000011124","Total industries","Dollars","81","millions","6","v64598657","1.1","933723.1","","","","1"
"2000","Canada","2016A000011124","Total industries","Dollars","81","millions","6","v64598657","1.1","1027448.3","","","","1"
"2001","Canada","2016A000011124","Total industries","Dollars","81","millions","6","v64598657","1.1","1065640.9","","","","1"
"2002","Canada","2016A000011124","Total industries","Dollars","81","millions","6","v64598657","1.1","1105074.3","","","","1"
"2003","Canada","2016A000011124","Total industries","Dollars","81","millions","6","v64598657","1.1","1165456.2","","","","1"
"2004","Canada","2016A000011124","Total industries","Dollars","81","millions","6","v64598657","1.1","1241733.1","","","","1"
"2005","Canada","2016A000011124","Total industries","Dollars","81","millions","6","v64598657","1.1","1323864.8","","","","1"
"2006","Canada","2016A000011124","Total industries","Dollars","81","millions","6","v64598657","1.1","1395881.2","","","","1"
"2007","Canada","2016A000011124","Total industries","Dollars","81","millions","6","v64598657","1.1","1473053.4","","","","1"
"2008","Canada","2016A000011124","Total industries","Dollars","81","millions","6","v64598657","1.1","1555044.5","","","","1"
"2009","Canada","2016A000011124","Total industries","Dollars","81","millions","6","v64598657","1.1","1469118.4","","","","1"
"2010","Canada","2016A000011124","Total industries","Dollars","81","millions","6","v64598657","1.1","1559048.7","","","","1"
"2011","Canada","2016A000011124","Total industries","Dollars","81","millions","6","v64598657","1.1","1662353.6","","","","1"
"2012","Canada","2016A000011124","Total industries","Dollars","81","millions","6","v64598657","1.1","1710432.7","","","","1"
"2013","Canada","2016A000011124","Total industries","Dollars","81","millions","6","v64598657","1.1","1781930.3","","","","1"
"2014","Canada","2016A000011124","Total industries","Dollars","81","millions","6","v64598657","1.1","1867752.2","","","","1"
"2015","Canada","2016A000011124","Total industries","Dollars","81","millions","6","v64598657","1.1","1856814.4","","","","1"
"2016","Canada","2016A000011124","Total industries","Dollars","81","millions","6","v64598657","1.1","1886103.4","","","","1"
"2017","Canada","2016A000011124","Total industries","Dollars","81","millions","6","v64598657","1.1","1991533.8","","","","1"
"2018","Canada","2016A000011124","Total industries","Dollars","81","millions","6","v64598657","1.1","2083378.6","","","","1"
"2019","Canada","2016A000011124","Total industries","Dollars","81","millions","6","v64598657","1.1","2161923.9","","","","1"
"1997","Newfoundland and Labrador","2016A000210","Total industries","Dollars","81","millions","6","v64599916","2.1","9588.2","","","","1"
"1998","Newfoundland and Labrador","2016A000210","Total industries","Dollars","81","millions","6","v64599916","2.1","10084.8","","","","1"
"1999","Newfoundland and Labrador","2016A000210","Total industries","Dollars","81","millions","6","v64599916","2.1","11047.6","","","","1"
"2000","Newfoundland and Labrador","2016A000210","Total industries","Dollars","81","millions","6","v64599916","2.1","12787.5","","","","1"
"2001","Newfoundland and Labrador","2016A000210","Total industries","Dollars","81","millions","6","v64599916","2.1","13024.5","","","","1"
"2002","Newfoundland and Labrador","2016A000210","Total industries","Dollars","81","millions","6","v64599916","2.1","15207.1","","","","1"
"2003","Newfoundland and Labrador","2016A000210","Total industries","Dollars","81","millions","6","v64599916","2.1","16788.3","","","","1"
"2004","Newfoundland and Labrador","2016A000210","Total industries","Dollars","81","millions","6","v64599916","2.1","17993.2","","","","1"
"2005","Newfoundland and Labrador","2016A000210","Total industries","Dollars","81","millions","6","v64599916","2.1","20542.8","","","","1"
"2006","Newfoundland and Labrador","2016A000210","Total industries","Dollars","81","millions","6","v64599916","2.1","22864.8","","","","1"
"2007","Newfoundland and Labrador","2016A000210","Total industries","Dollars","81","millions","6","v64599916","2.1","27371.6","","","","1"
"2008","Newfoundland and Labrador","2016A000210","Total industries","Dollars","81","millions","6","v64599916","2.1","29889.1","","","","1"
"2009","Newfoundland and Labrador","2016A000210","Total industries","Dollars","81","millions","6","v64599916","2.1","23244.6","","","","1"
"2010","Newfoundland and Labrador","2016A000210","Total industries","Dollars","81","millions","6","v64599916","2.1","27183.0","","","","1"
"2011","Newfoundland and Labrador","2016A000210","Total industries","Dollars","81","millions","6","v64599916","2.1","31614.0","","","","1"
"2012","Newfoundland and Labrador","2016A000210","Total industries","Dollars","81","millions","6","v64599916","2.1","29977.1","","","","1"
"2013","Newfoundland and Labrador","2016A000210","Total industries","Dollars","81","millions","6","v64599916","2.1","32403.8","","","","1"
"2014","Newfoundland and Labrador","2016A000210","Total industries","Dollars","81","millions","6","v64599916","2.1","32136.7","","","","1"
"2015","Newfoundland and Labrador","2016A000210","Total industries","Dollars","81","millions","6","v64599916","2.1","28924.4","","","","1"
"2016","Newfoundland and Labrador","2016A000210","Total industries","Dollars","81","millions","6","v64599916","2.1","29005.2","","","","1"
"2017","Newfoundland and Labrador","2016A000210","Total industries","Dollars","81","millions","6","v64599916","2.1","31002.6","","","","1"
"2018","Newfoundland and Labrador","2016A000210","Total industries","Dollars","81","millions","6","v64599916","2.1","31836.3","","","","1"
"2019","Newfoundland and Labrador","2016A000210","Total industries","Dollars","81","millions","6","v64599916","2.1","33159.5","","","","1"
"1997","Prince Edward Island","2016A000211","Total industries","Dollars","81","millions","6","v64600146","3.1","2585.6","","","","1"
"1998","Prince Edward Island","2016A000211","Total industries","Dollars","81","millions","6","v64600146","3.1","2715.0","","","","1"
"1999","Prince Edward Island","2016A000211","Total industries","Dollars","81","millions","6","v64600146","3.1","2875.4","","","","1"
"2000","Prince Edward Island","2016A000211","Total industries","Dollars","81","millions","6","v64600146","3.1","3072.9","","","","1"
"2001","Prince Edward Island","2016A000211","Total industries","Dollars","81","millions","6","v64600146","3.1","3146.5","","","","1"
"2002","Prince Edward Island","2016A000211","Total industries","Dollars","81","millions","6","v64600146","3.1","3353.9","","","","1"
"2003","Prince Edward Island","2016A000211","Total industries","Dollars","81","millions","6","v64600146","3.1","3427.5","","","","1"
"2004","Prince Edward Island","2016A000211","Total industries","Dollars","81","millions","6","v64600146","3.1","3647.5","","","","1"
"2005","Prince Edward Island","2016A000211","Total industries","Dollars","81","millions","6","v64600146","3.1","3844.9","","","","1"
"2006","Prince Edward Island","2016A000211","Total industries","Dollars","81","millions","6","v64600146","3.1","4007.0","","","","1"
"2007","Prince Edward Island","2016A000211","Total industries","Dollars","81","millions","6","v64600146","3.1","4202.2","","","","1"
"2008","Prince Edward Island","2016A000211","Total industries","Dollars","81","millions","6","v64600146","3.1","4329.3","","","","1"
"2009","Prince Edward Island","2016A000211","Total industries","Dollars","81","millions","6","v64600146","3.1","4480.4","","","","1"
"2010","Prince Edward Island","2016A000211","Total industries","Dollars","81","millions","6","v64600146","3.1","4762.2","","","","1"
"2011","Prince Edward Island","2016A000211","Total industries","Dollars","81","millions","6","v64600146","3.1","4941.8","","","","1"
"2012","Prince Edward Island","2016A000211","Total industries","Dollars","81","millions","6","v64600146","3.1","5090.7","","","","1"
"2013","Prince Edward Island","2016A000211","Total industries","Dollars","81","millions","6","v64600146","3.1","5257.0","","","","1"
"2014","Prince Edward Island","2016A000211","Total industries","Dollars","81","millions","6","v64600146","3.1","5332.0","","","","1"
"2015","Prince Edward Island","2016A000211","Total industries","Dollars","81","millions","6","v64600146","3.1","5551.8","","","","1"
"2016","Prince Edward Island","2016A000211","Total industries","Dollars","81","millions","6","v64600146","3.1","5803.4","","","","1"
"2017","Prince Edward Island","2016A000211","Total industries","Dollars","81","millions","6","v64600146","3.1","6156.5","","","","1"
"2018","Prince Edward Island","2016A000211","Total industries","Dollars","81","millions","6","v64600146","3.1","6326.0","","","","1"
"2019","Prince Edward Island","2016A000211","Total industries","Dollars","81","millions","6","v64600146","3.1","6778.2","","","","1"
"1997","Nova Scotia","2016A000212","Total industries","Dollars","81","millions","6","v64600354","4.1","19089.5","","","","1"
"1998","Nova Scotia","2016A000212","Total industries","Dollars","81","millions","6","v64600354","4.1","20064.4","","","","1"
"1999","Nova Scotia","2016A000212","Total industries","Dollars","81","millions","6","v64600354","4.1","21694.4","","","","1"
"2000","Nova Scotia","2016A000212","Total industries","Dollars","81","millions","6","v64600354","4.1","23375.6","","","","1"
"2001","Nova Scotia","2016A000212","Total industries","Dollars","81","millions","6","v64600354","4.1","24499.4","","","","1"
"2002","Nova Scotia","2016A000212","Total industries","Dollars","81","millions","6","v64600354","4.1","25495.8","","","","1"
"2003","Nova Scotia","2016A000212","Total industries","Dollars","81","millions","6","v64600354","4.1","27119.8","","","","1"
"2004","Nova Scotia","2016A000212","Total industries","Dollars","81","millions","6","v64600354","4.1","28104.4","","","","1"
"2005","Nova Scotia","2016A000212","Total industries","Dollars","81","millions","6","v64600354","4.1","29312.3","","","","1"
"2006","Nova Scotia","2016A000212","Total industries","Dollars","81","millions","6","v64600354","4.1","29919.4","","","","1"
"2007","Nova Scotia","2016A000212","Total industries","Dollars","81","millions","6","v64600354","4.1","31047.5","","","","1"
"2008","Nova Scotia","2016A000212","Total industries","Dollars","81","millions","6","v64600354","4.1","32563.7","","","","1"
"2009","Nova Scotia","2016A000212","Total industries","Dollars","81","millions","6","v64600354","4.1","31954.0","","","","1"
"2010","Nova Scotia","2016A000212","Total industries","Dollars","81","millions","6","v64600354","4.1","33591.0","","","","1"
"2011","Nova Scotia","2016A000212","Total industries","Dollars","81","millions","6","v64600354","4.1","34263.0","","","","1"
"2012","Nova Scotia","2016A000212","Total industries","Dollars","81","millions","6","v64600354","4.1","34477.9","","","","1"
"2013","Nova Scotia","2016A000212","Total industries","Dollars","81","millions","6","v64600354","4.1","35123.6","","","","1"
"2014","Nova Scotia","2016A000212","Total industries","Dollars","81","millions","6","v64600354","4.1","36258.3","","","","1"
"2015","Nova Scotia","2016A000212","Total industries","Dollars","81","millions","6","v64600354","4.1","37028.1","","","","1"
"2016","Nova Scotia","2016A000212","Total industries","Dollars","81","millions","6","v64600354","4.1","37795.5","","","","1"
"2017","Nova Scotia","2016A000212","Total industries","Dollars","81","millions","6","v64600354","4.1","39329.1","","","","1"
"2018","Nova Scotia","2016A000212","Total industries","Dollars","81","millions","6","v64600354","4.1","40740.0","","","","1"
"2019","Nova Scotia","2016A000212","Total industries","Dollars","81","millions","6","v64600354","4.1","42703.5","","","","1"
"1997","New Brunswick","2016A000213","Total industries","Dollars","81","millions","6","v64600597","5.1","16029.8","","","","1"
"1998","New Brunswick","2016A000213","Total industries","Dollars","81","millions","6","v64600597","5.1","16755.9","","","","1"
"1999","New Brunswick","2016A000213","Total industries","Dollars","81","millions","6","v64600597","5.1","18162.6","","","","1"
"2000","New Brunswick","2016A000213","Total industries","Dollars","81","millions","6","v64600597","5.1","19205.4","","","","1"
"2001","New Brunswick","2016A000213","Total industries","Dollars","81","millions","6","v64600597","5.1","19753.2","","","","1"
"2002","New Brunswick","2016A000213","Total industries","Dollars","81","millions","6","v64600597","5.1","20160.5","","","","1"
"2003","New Brunswick","2016A000213","Total industries","Dollars","81","millions","6","v64600597","5.1","21098.4","","","","1"
"2004","New Brunswick","2016A000213","Total industries","Dollars","81","millions","6","v64600597","5.1","22403.6","","","","1"
"2005","New Brunswick","2016A000213","Total industries","Dollars","81","millions","6","v64600597","5.1","23538.2","","","","1"
"2006","New Brunswick","2016A000213","Total industries","Dollars","81","millions","6","v64600597","5.1","24714.5","","","","1"
"2007","New Brunswick","2016A000213","Total industries","Dollars","81","millions","6","v64600597","5.1","25943.2","","","","1"
"2008","New Brunswick","2016A000213","Total industries","Dollars","81","millions","6","v64600597","5.1","26450.0","","","","1"
"2009","New Brunswick","2016A000213","Total industries","Dollars","81","millions","6","v64600597","5.1","26585.3","","","","1"
"2010","New Brunswick","2016A000213","Total industries","Dollars","81","millions","6","v64600597","5.1","27752.9","","","","1"
"2011","New Brunswick","2016A000213","Total industries","Dollars","81","millions","6","v64600597","5.1","28908.5","","","","1"
"2012","New Brunswick","2016A000213","Total industries","Dollars","81","millions","6","v64600597","5.1","29117.4","","","","1"
"2013","New Brunswick","2016A000213","Total industries","Dollars","81","millions","6","v64600597","5.1","29166.0","","","","1"
"2014","New Brunswick","2016A000213","Total industries","Dollars","81","millions","6","v64600597","5.1","29650.0","","","","1"
"2015","New Brunswick","2016A000213","Total industries","Dollars","81","millions","6","v64600597","5.1","30602.6","","","","1"
"2016","New Brunswick","2016A000213","Total industries","Dollars","81","millions","6","v64600597","5.1","31222.1","","","","1"
"2017","New Brunswick","2016A000213","Total industries","Dollars","81","millions","6","v64600597","5.1","32456.4","","","","1"
"2018","New Brunswick","2016A000213","Total industries","Dollars","81","millions","6","v64600597","5.1","33691.1","","","","1"
"2019","New Brunswick","2016A000213","Total industries","Dollars","81","millions","6","v64600597","5.1","34495.1","","","","1"
"1997","Quebec","2016A000224","Total industries","Dollars","81","millions","6","v64600841","6.1","180461.3","","","","1"
"1998","Quebec","2016A000224","Total industries","Dollars","81","millions","6","v64600841","6.1","186842.5","","","","1"
"1999","Quebec","2016A000224","Total industries","Dollars","81","millions","6","v64600841","6.1","201002.8","","","","1"
"2000","Quebec","2016A000224","Total industries","Dollars","81","millions","6","v64600841","6.1","215186.5","","","","1"
"2001","Quebec","2016A000224","Total industries","Dollars","81","millions","6","v64600841","6.1","222731.4","","","","1"
"2002","Quebec","2016A000224","Total industries","Dollars","81","millions","6","v64600841","6.1","231572.2","","","","1"
"2003","Quebec","2016A000224","Total industries","Dollars","81","millions","6","v64600841","6.1","240350.1","","","","1"
"2004","Quebec","2016A000224","Total industries","Dollars","81","millions","6","v64600841","6.1","251961.1","","","","1"
"2005","Quebec","2016A000224","Total industries","Dollars","81","millions","6","v64600841","6.1","259661.9","","","","1"
"2006","Quebec","2016A000224","Total industries","Dollars","81","millions","6","v64600841","6.1","270172.5","","","","1"
"2007","Quebec","2016A000224","Total industries","Dollars","81","millions","6","v64600841","6.1","285583.3","","","","1"
"2008","Quebec","2016A000224","Total industries","Dollars","81","millions","6","v64600841","6.1","293744.8","","","","1"
"2009","Quebec","2016A000224","Total industries","Dollars","81","millions","6","v64600841","6.1","293712.3","","","","1"
"2010","Quebec","2016A000224","Total industries","Dollars","81","millions","6","v64600841","6.1","306664.5","","","","1"
"2011","Quebec","2016A000224","Total industries","Dollars","81","millions","6","v64600841","6.1","321047.4","","","","1"
"2012","Quebec","2016A000224","Total industries","Dollars","81","millions","6","v64600841","6.1","328855.5","","","","1"
"2013","Quebec","2016A000224","Total industries","Dollars","81","millions","6","v64600841","6.1","338213.8","","","","1"
"2014","Quebec","2016A000224","Total industries","Dollars","81","millions","6","v64600841","6.1","348098.5","","","","1"
"2015","Quebec","2016A000224","Total industries","Dollars","81","millions","6","v64600841","6.1","357758.8","","","","1"
"2016","Quebec","2016A000224","Total industries","Dollars","81","millions","6","v64600841","6.1","368634.6","","","","1"
"2017","Quebec","2016A000224","Total industries","Dollars","81","millions","6","v64600841","6.1","386407.5","","","","1"
"2018","Quebec","2016A000224","Total industries","Dollars","81","millions","6","v64600841","6.1","405613.6","","","","1"
"2019","Quebec","2016A000224","Total industries","Dollars","81","millions","6","v64600841","6.1","425276.7","","","","1"
"1997","Ontario","2016A000235","Total industries","Dollars","81","millions","6","v64601098","7.1","341441.1","","","","1"
"1998","Ontario","2016A000235","Total industries","Dollars","81","millions","6","v64601098","7.1","360073.0","","","","1"
"1999","Ontario","2016A000235","Total industries","Dollars","81","millions","6","v64601098","7.1","386403.9","","","","1"
"2000","Ontario","2016A000235","Total industries","Dollars","81","millions","6","v64601098","7.1","418033.3","","","","1"
"2001","Ontario","2016A000235","Total industries","Dollars","81","millions","6","v64601098","7.1","433496.8","","","","1"
"2002","Ontario","2016A000235","Total industries","Dollars","81","millions","6","v64601098","7.1","457823.7","","","","1"
"2003","Ontario","2016A000235","Total industries","Dollars","81","millions","6","v64601098","7.1","473802.6","","","","1"
"2004","Ontario","2016A000235","Total industries","Dollars","81","millions","6","v64601098","7.1","494702.6","","","","1"
"2005","Ontario","2016A000235","Total industries","Dollars","81","millions","6","v64601098","7.1","516631.0","","","","1"
"2006","Ontario","2016A000235","Total industries","Dollars","81","millions","6","v64601098","7.1","536925.4","","","","1"
"2007","Ontario","2016A000235","Total industries","Dollars","81","millions","6","v64601098","7.1","560149.5","","","","1"
"2008","Ontario","2016A000235","Total industries","Dollars","81","millions","6","v64601098","7.1","567992.1","","","","1"
"2009","Ontario","2016A000235","Total industries","Dollars","81","millions","6","v64601098","7.1","557436.6","","","","1"
"2010","Ontario","2016A000235","Total industries","Dollars","81","millions","6","v64601098","7.1","587627.9","","","","1"
"2011","Ontario","2016A000235","Total industries","Dollars","81","millions","6","v64601098","7.1","616138.5","","","","1"
"2012","Ontario","2016A000235","Total industries","Dollars","81","millions","6","v64601098","7.1","634945.2","","","","1"
"2013","Ontario","2016A000235","Total industries","Dollars","81","millions","6","v64601098","7.1","649490.1","","","","1"
"2014","Ontario","2016A000235","Total industries","Dollars","81","millions","6","v64601098","7.1","676838.4","","","","1"
"2015","Ontario","2016A000235","Total industries","Dollars","81","millions","6","v64601098","7.1","706836.6","","","","1"
"2016","Ontario","2016A000235","Total industries","Dollars","81","millions","6","v64601098","7.1","733760.7","","","","1"
"2017","Ontario","2016A000235","Total industries","Dollars","81","millions","6","v64601098","7.1","764464.8","","","","1"
"2018","Ontario","2016A000235","Total industries","Dollars","81","millions","6","v64601098","7.1","800375.6","","","","1"
"2019","Ontario","2016A000235","Total industries","Dollars","81","millions","6","v64601098","7.1","833628.8","","","","1"
"1997","Manitoba","2016A000246","Total industries","Dollars","81","millions","6","v64601354","8.1","27907.8","","","","1"
"1998","Manitoba","2016A000246","Total industries","Dollars","81","millions","6","v64601354","8.1","29306.6","","","","1"
"1999","Manitoba","2016A000246","Total industries","Dollars","81","millions","6","v64601354","8.1","30469.7","","","","1"
"2000","Manitoba","2016A000246","Total industries","Dollars","81","millions","6","v64601354","8.1","32420.9","","","","1"
"2001","Manitoba","2016A000246","Total industries","Dollars","81","millions","6","v64601354","8.1","33482.1","","","","1"
"2002","Manitoba","2016A000246","Total industries","Dollars","81","millions","6","v64601354","8.1","34717.7","","","","1"
"2003","Manitoba","2016A000246","Total industries","Dollars","81","millions","6","v64601354","8.1","35702.1","","","","1"
"2004","Manitoba","2016A000246","Total industries","Dollars","81","millions","6","v64601354","8.1","38120.2","","","","1"
"2005","Manitoba","2016A000246","Total industries","Dollars","81","millions","6","v64601354","8.1","40138.9","","","","1"
"2006","Manitoba","2016A000246","Total industries","Dollars","81","millions","6","v64601354","8.1","43461.7","","","","1"
"2007","Manitoba","2016A000246","Total industries","Dollars","81","millions","6","v64601354","8.1","46192.8","","","","1"
"2008","Manitoba","2016A000246","Total industries","Dollars","81","millions","6","v64601354","8.1","48644.1","","","","1"
"2009","Manitoba","2016A000246","Total industries","Dollars","81","millions","6","v64601354","8.1","47112.6","","","","1"
"2010","Manitoba","2016A000246","Total industries","Dollars","81","millions","6","v64601354","8.1","49508.3","","","","1"
"2011","Manitoba","2016A000246","Total industries","Dollars","81","millions","6","v64601354","8.1","52461.7","","","","1"
"2012","Manitoba","2016A000246","Total industries","Dollars","81","millions","6","v64601354","8.1","55676.3","","","","1"
"2013","Manitoba","2016A000246","Total industries","Dollars","81","millions","6","v64601354","8.1","57869.0","","","","1"
"2014","Manitoba","2016A000246","Total industries","Dollars","81","millions","6","v64601354","8.1","59499.7","","","","1"
"2015","Manitoba","2016A000246","Total industries","Dollars","81","millions","6","v64601354","8.1","60958.6","","","","1"
"2016","Manitoba","2016A000246","Total industries","Dollars","81","millions","6","v64601354","8.1","62289.7","","","","1"
"2017","Manitoba","2016A000246","Total industries","Dollars","81","millions","6","v64601354","8.1","66007.1","","","","1"
"2018","Manitoba","2016A000246","Total industries","Dollars","81","millions","6","v64601354","8.1","68029.3","","","","1"
"2019","Manitoba","2016A000246","Total industries","Dollars","81","millions","6","v64601354","8.1","69243.2","","","","1"
"1997","Saskatchewan","2016A000247","Total industries","Dollars","81","millions","6","v64601605","9.1","26761.0","","","","1"
"1998","Saskatchewan","2016A000247","Total industries","Dollars","81","millions","6","v64601605","9.1","27533.7","","","","1"
"1999","Saskatchewan","2016A000247","Total industries","Dollars","81","millions","6","v64601605","9.1","28927.8","","","","1"
"2000","Saskatchewan","2016A000247","Total industries","Dollars","81","millions","6","v64601605","9.1","32096.8","","","","1"
"2001","Saskatchewan","2016A000247","Total industries","Dollars","81","millions","6","v64601605","9.1","31499.2","","","","1"
"2002","Saskatchewan","2016A000247","Total industries","Dollars","81","millions","6","v64601605","9.1","32857.7","","","","1"
"2003","Saskatchewan","2016A000247","Total industries","Dollars","81","millions","6","v64601605","9.1","35314.5","","","","1"
"2004","Saskatchewan","2016A000247","Total industries","Dollars","81","millions","6","v64601605","9.1","39279.5","","","","1"
"2005","Saskatchewan","2016A000247","Total industries","Dollars","81","millions","6","v64601605","9.1","42494.6","","","","1"
"2006","Saskatchewan","2016A000247","Total industries","Dollars","81","millions","6","v64601605","9.1","43665.0","","","","1"
"2007","Saskatchewan","2016A000247","Total industries","Dollars","81","millions","6","v64601605","9.1","49291.7","","","","1"
"2008","Saskatchewan","2016A000247","Total industries","Dollars","81","millions","6","v64601605","9.1","64242.2","","","","1"
"2009","Saskatchewan","2016A000247","Total industries","Dollars","81","millions","6","v64601605","9.1","56632.7","","","","1"
"2010","Saskatchewan","2016A000247","Total industries","Dollars","81","millions","6","v64601605","9.1","59948.6","","","","1"
"2011","Saskatchewan","2016A000247","Total industries","Dollars","81","millions","6","v64601605","9.1","71287.5","","","","1"
"2012","Saskatchewan","2016A000247","Total industries","Dollars","81","millions","6","v64601605","9.1","73952.2","","","","1"
"2013","Saskatchewan","2016A000247","Total industries","Dollars","81","millions","6","v64601605","9.1","78937.4","","","","1"
"2014","Saskatchewan","2016A000247","Total industries","Dollars","81","millions","6","v64601605","9.1","78506.4","","","","1"
"2015","Saskatchewan","2016A000247","Total industries","Dollars","81","millions","6","v64601605","9.1","75306.2","","","","1"
"2016","Saskatchewan","2016A000247","Total industries","Dollars","81","millions","6","v64601605","9.1","71463.8","","","","1"
"2017","Saskatchewan","2016A000247","Total industries","Dollars","81","millions","6","v64601605","9.1","75302.1","","","","1"
"2018","Saskatchewan","2016A000247","Total industries","Dollars","81","millions","6","v64601605","9.1","78367.6","","","","1"
"2019","Saskatchewan","2016A000247","Total industries","Dollars","81","millions","6","v64601605","9.1","79001.8","","","","1"
"1997","Alberta","2016A000248","Total industries","Dollars","81","millions","6","v64598918","10.1","104192.9","","","","1"
"1998","Alberta","2016A000248","Total industries","Dollars","81","millions","6","v64598918","10.1","104068.4","","","","1"
"1999","Alberta","2016A000248","Total industries","Dollars","81","millions","6","v64598918","10.1","113650.4","","","","1"
"2000","Alberta","2016A000248","Total industries","Dollars","81","millions","6","v64598918","10.1","141008.5","","","","1"
"2001","Alberta","2016A000248","Total industries","Dollars","81","millions","6","v64598918","10.1","150964.9","","","","1"
"2002","Alberta","2016A000248","Total industries","Dollars","81","millions","6","v64598918","10.1","146638.7","","","","1"
"2003","Alberta","2016A000248","Total industries","Dollars","81","millions","6","v64598918","10.1","166594.4","","","","1"
"2004","Alberta","2016A000248","Total industries","Dollars","81","millions","6","v64598918","10.1","187186.2","","","","1"
"2005","Alberta","2016A000248","Total industries","Dollars","81","millions","6","v64598918","10.1","217413.0","","","","1"
"2006","Alberta","2016A000248","Total industries","Dollars","81","millions","6","v64598918","10.1","237028.4","","","","1"
"2007","Alberta","2016A000248","Total industries","Dollars","81","millions","6","v64598918","10.1","250645.6","","","","1"
"2008","Alberta","2016A000248","Total industries","Dollars","81","millions","6","v64598918","10.1","286650.1","","","","1"
"2009","Alberta","2016A000248","Total industries","Dollars","81","millions","6","v64598918","10.1","236827.0","","","","1"
"2010","Alberta","2016A000248","Total industries","Dollars","81","millions","6","v64598918","10.1","261591.0","","","","1"
"2011","Alberta","2016A000248","Total industries","Dollars","81","millions","6","v64598918","10.1","289920.6","","","","1"
"2012","Alberta","2016A000248","Total industries","Dollars","81","millions","6","v64598918","10.1","302132.0","","","","1"
"2013","Alberta","2016A000248","Total industries","Dollars","81","millions","6","v64598918","10.1","331477.2","","","","1"
"2014","Alberta","2016A000248","Total industries","Dollars","81","millions","6","v64598918","10.1","365191.1","","","","1"
"2015","Alberta","2016A000248","Total industries","Dollars","81","millions","6","v64598918","10.1","311906.0","","","","1"
"2016","Alberta","2016A000248","Total industries","Dollars","81","millions","6","v64598918","10.1","292561.7","","","","1"
"2017","Alberta","2016A000248","Total industries","Dollars","81","millions","6","v64598918","10.1","319212.0","","","","1"
"2018","Alberta","2016A000248","Total industries","Dollars","81","millions","6","v64598918","10.1","332659.4","","","","1"
"2019","Alberta","2016A000248","Total industries","Dollars","81","millions","6","v64598918","10.1","339674.4","","","","1"
"1997","British Columbia","2016A000259","Total industries","Dollars","81","millions","6","v64599173","11.1","108173.3","","","","1"
"1998","British Columbia","2016A000259","Total industries","Dollars","81","millions","6","v64599173","11.1","109206.1","","","","1"
"1999","British Columbia","2016A000259","Total industries","Dollars","81","millions","6","v64599173","11.1","114741.2","","","","1"
"2000","British Columbia","2016A000259","Total industries","Dollars","81","millions","6","v64599173","11.1","125088.3","","","","1"
"2001","British Columbia","2016A000259","Total industries","Dollars","81","millions","6","v64599173","11.1","127241.9","","","","1"
"2002","British Columbia","2016A000259","Total industries","Dollars","81","millions","6","v64599173","11.1","131323.0","","","","1"
"2003","British Columbia","2016A000259","Total industries","Dollars","81","millions","6","v64599173","11.1","138589.3","","","","1"
"2004","British Columbia","2016A000259","Total industries","Dollars","81","millions","6","v64599173","11.1","150846.6","","","","1"
"2005","British Columbia","2016A000259","Total industries","Dollars","81","millions","6","v64599173","11.1","162714.9","","","","1"
"2006","British Columbia","2016A000259","Total industries","Dollars","81","millions","6","v64599173","11.1","175334.3","","","","1"
"2007","British Columbia","2016A000259","Total industries","Dollars","81","millions","6","v64599173","11.1","184393.5","","","","1"
"2008","British Columbia","2016A000259","Total industries","Dollars","81","millions","6","v64599173","11.1","191421.5","","","","1"
"2009","British Columbia","2016A000259","Total industries","Dollars","81","millions","6","v64599173","11.1","182953.4","","","","1"
"2010","British Columbia","2016A000259","Total industries","Dollars","81","millions","6","v64599173","11.1","190873.5","","","","1"
"2011","British Columbia","2016A000259","Total industries","Dollars","81","millions","6","v64599173","11.1","202033.2","","","","1"
"2012","British Columbia","2016A000259","Total industries","Dollars","81","millions","6","v64599173","11.1","206590.6","","","","1"
"2013","British Columbia","2016A000259","Total industries","Dollars","81","millions","6","v64599173","11.1","214088.8","","","","1"
"2014","British Columbia","2016A000259","Total industries","Dollars","81","millions","6","v64599173","11.1","225863.3","","","","1"
"2015","British Columbia","2016A000259","Total industries","Dollars","81","millions","6","v64599173","11.1","231725.3","","","","1"
"2016","British Columbia","2016A000259","Total industries","Dollars","81","millions","6","v64599173","11.1","243317.1","","","","1"
"2017","British Columbia","2016A000259","Total industries","Dollars","81","millions","6","v64599173","11.1","260220.3","","","","1"
"2018","British Columbia","2016A000259","Total industries","Dollars","81","millions","6","v64599173","11.1","274392.4","","","","1"
"2019","British Columbia","2016A000259","Total industries","Dollars","81","millions","6","v64599173","11.1","286182.1","","","","1"
"1997","Yukon","2016A000260","Total industries","Dollars","81","millions","6","v64599431","12.1","1134.9","","","","1"
"1998","Yukon","2016A000260","Total industries","Dollars","81","millions","6","v64599431","12.1","1083.8","","","","1"
"1999","Yukon","2016A000260","Total industries","Dollars","81","millions","6","v64599431","12.1","1097.7","","","","1"
"2000","Yukon","2016A000260","Total industries","Dollars","81","millions","6","v64599431","12.1","1212.0","","","","1"
"2001","Yukon","2016A000260","Total industries","Dollars","81","millions","6","v64599431","12.1","1284.0","","","","1"
"2002","Yukon","2016A000260","Total industries","Dollars","81","millions","6","v64599431","12.1","1256.0","","","","1"
"2003","Yukon","2016A000260","Total industries","Dollars","81","millions","6","v64599431","12.1","1298.1","","","","1"
"2004","Yukon","2016A000260","Total industries","Dollars","81","millions","6","v64599431","12.1","1399.1","","","","1"
"2005","Yukon","2016A000260","Total industries","Dollars","81","millions","6","v64599431","12.1","1510.1","","","","1"
"2006","Yukon","2016A000260","Total industries","Dollars","81","millions","6","v64599431","12.1","1641.1","","","","1"
"2007","Yukon","2016A000260","Total industries","Dollars","81","millions","6","v64599431","12.1","1738.0","","","","1"
"2008","Yukon","2016A000260","Total industries","Dollars","81","millions","6","v64599431","12.1","1965.6","","","","1"
"2009","Yukon","2016A000260","Total industries","Dollars","81","millions","6","v64599431","12.1","2053.3","","","","1"
"2010","Yukon","2016A000260","Total industries","Dollars","81","millions","6","v64599431","12.1","2227.0","","","","1"
"2011","Yukon","2016A000260","Total industries","Dollars","81","millions","6","v64599431","12.1","2398.8","","","","1"
"2012","Yukon","2016A000260","Total industries","Dollars","81","millions","6","v64599431","12.1","2457.6","","","","1"
"2013","Yukon","2016A000260","Total industries","Dollars","81","millions","6","v64599431","12.1","2556.2","","","","1"
"2014","Yukon","2016A000260","Total industries","Dollars","81","millions","6","v64599431","12.1","2650.3","","","","1"
"2015","Yukon","2016A000260","Total industries","Dollars","81","millions","6","v64599431","12.1","2541.7","","","","1"
"2016","Yukon","2016A000260","Total industries","Dollars","81","millions","6","v64599431","12.1","2691.4","","","","1"
"2017","Yukon","2016A000260","Total industries","Dollars","81","millions","6","v64599431","12.1","2781.0","","","","1"
"2018","Yukon","2016A000260","Total industries","Dollars","81","millions","6","v64599431","12.1","2881.1","","","","1"
"2019","Yukon","2016A000260","Total industries","Dollars","81","millions","6","v64599431","12.1","2959.9","","","","1"
"1997","Northwest Territories","2016A000261","Total industries","Dollars","81","millions","6","v64599610","13.1","2695.0","","","","1"
"1998","Northwest Territories","2016A000261","Total industries","Dollars","81","millions","6","v64599610","13.1","2623.0","","","","1"
"1999","Northwest Territories","2016A000261","Total industries","Dollars","81","millions","6","v64599610","13.1","2373.1","","","","1"
"2000","Northwest Territories","2016A000261","Total industries","Dollars","81","millions","6","v64599610","13.1","2580.8","","","","1"
"2001","Northwest Territories","2016A000261","Total industries","Dollars","81","millions","6","v64599610","13.1","3059.1","","","","1"
"2002","Northwest Territories","2016A000261","Total industries","Dollars","81","millions","6","v64599610","13.1","3094.2","","","","1"
"2003","Northwest Territories","2016A000261","Total industries","Dollars","81","millions","6","v64599610","13.1","3772.2","","","","1"
"2004","Northwest Territories","2016A000261","Total industries","Dollars","81","millions","6","v64599610","13.1","4385.3","","","","1"
"2005","Northwest Territories","2016A000261","Total industries","Dollars","81","millions","6","v64599610","13.1","4315.3","","","","1"
"2006","Northwest Territories","2016A000261","Total industries","Dollars","81","millions","6","v64599610","13.1","4305.2","","","","1"
"2007","Northwest Territories","2016A000261","Total industries","Dollars","81","millions","6","v64599610","13.1","4536.4","","","","1"
"2008","Northwest Territories","2016A000261","Total industries","Dollars","81","millions","6","v64599610","13.1","4897.3","","","","1"
"2009","Northwest Territories","2016A000261","Total industries","Dollars","81","millions","6","v64599610","13.1","3883.9","","","","1"
"2010","Northwest Territories","2016A000261","Total industries","Dollars","81","millions","6","v64599610","13.1","4677.9","","","","1"
"2011","Northwest Territories","2016A000261","Total industries","Dollars","81","millions","6","v64599610","13.1","4585.0","","","","1"
"2012","Northwest Territories","2016A000261","Total industries","Dollars","81","millions","6","v64599610","13.1","4249.9","","","","1"
"2013","Northwest Territories","2016A000261","Total industries","Dollars","81","millions","6","v64599610","13.1","4353.1","","","","1"
"2014","Northwest Territories","2016A000261","Total industries","Dollars","81","millions","6","v64599610","13.1","4656.5","","","","1"
"2015","Northwest Territories","2016A000261","Total industries","Dollars","81","millions","6","v64599610","13.1","4597.5","","","","1"
"2016","Northwest Territories","2016A000261","Total industries","Dollars","81","millions","6","v64599610","13.1","4303.7","","","","1"
"2017","Northwest Territories","2016A000261","Total industries","Dollars","81","millions","6","v64599610","13.1","4476.6","","","","1"
"2018","Northwest Territories","2016A000261","Total industries","Dollars","81","millions","6","v64599610","13.1","4550.9","","","","1"
"2019","Northwest Territories","2016A000261","Total industries","Dollars","81","millions","6","v64599610","13.1","4502.8","","","","1"
"1997","Nunavut","2016A000262","Total industries","Dollars","81","millions","6","v64599777","14.1","0.0","","","","1"
"1998","Nunavut","2016A000262","Total industries","Dollars","81","millions","6","v64599777","14.1","0.0","","","","1"
"1999","Nunavut","2016A000262","Total industries","Dollars","81","millions","6","v64599777","14.1","791.7","","","","1"
"2000","Nunavut","2016A000262","Total industries","Dollars","81","millions","6","v64599777","14.1","870.7","","","","1"
"2001","Nunavut","2016A000262","Total industries","Dollars","81","millions","6","v64599777","14.1","905.8","","","","1"
"2002","Nunavut","2016A000262","Total industries","Dollars","81","millions","6","v64599777","14.1","988.7","","","","1"
"2003","Nunavut","2016A000262","Total industries","Dollars","81","millions","6","v64599777","14.1","997.9","","","","1"
"2004","Nunavut","2016A000262","Total industries","Dollars","81","millions","6","v64599777","14.1","1102.9","","","","1"
"2005","Nunavut","2016A000262","Total industries","Dollars","81","millions","6","v64599777","14.1","1135.9","","","","1"
"2006","Nunavut","2016A000262","Total industries","Dollars","81","millions","6","v64599777","14.1","1204.9","","","","1"
"2007","Nunavut","2016A000262","Total industries","Dollars","81","millions","6","v64599777","14.1","1312.9","","","","1"
"2008","Nunavut","2016A000262","Total industries","Dollars","81","millions","6","v64599777","14.1","1565.4","","","","1"
"2009","Nunavut","2016A000262","Total industries","Dollars","81","millions","6","v64599777","14.1","1522.8","","","","1"
"2010","Nunavut","2016A000262","Total industries","Dollars","81","millions","6","v64599777","14.1","1890.4","","","","1"
"2011","Nunavut","2016A000262","Total industries","Dollars","81","millions","6","v64599777","14.1","2009.2","","","","1"
"2012","Nunavut","2016A000262","Total industries","Dollars","81","millions","6","v64599777","14.1","2173.1","","","","1"
"2013","Nunavut","2016A000262","Total industries","Dollars","81","millions","6","v64599777","14.1","2270.7","","","","1"
"2014","Nunavut","2016A000262","Total industries","Dollars","81","millions","6","v64599777","14.1","2350.9","","","","1"
"2015","Nunavut","2016A000262","Total industries","Dollars","81","millions","6","v64599777","14.1","2380.4","","","","1"
"2016","Nunavut","2016A000262","Total industries","Dollars","81","millions","6","v64599777","14.1","2536.3","","","","1"
"2017","Nunavut","2016A000262","Total industries","Dollars","81","millions","6","v64599777","14.1","2969.7","","","","1"
"2018","Nunavut","2016A000262","Total industries","Dollars","81","millions","6","v64599777","14.1","3097.6","","","","1"
"2019","Nunavut","2016A000262","Total industries","Dollars","81","millions","6","v64599777","14.1","3507.1","","","","1"
"1997","Canadian territorial enclaves abroad","","Total industries","Dollars","81","millions","6","v64599912","15.1","440.0","","","","1"
"1998","Canadian territorial enclaves abroad","","Total industries","Dollars","81","millions","6","v64599912","15.1","437.0","","","","1"
"1999","Canadian territorial enclaves abroad","","Total industries","Dollars","81","millions","6","v64599912","15.1","485.0","","","","1"
"2000","Canadian territorial enclaves abroad","","Total industries","Dollars","81","millions","6","v64599912","15.1","509.0","","","","1"
"2001","Canadian territorial enclaves abroad","","Total industries","Dollars","81","millions","6","v64599912","15.1","552.0","","","","1"
"2002","Canadian territorial enclaves abroad","","Total industries","Dollars","81","millions","6","v64599912","15.1","585.0","","","","1"
"2003","Canadian territorial enclaves abroad","","Total industries","Dollars","81","millions","6","v64599912","15.1","601.0","","","","1"
"2004","Canadian territorial enclaves abroad","","Total industries","Dollars","81","millions","6","v64599912","15.1","601.0","","","","1"
"2005","Canadian territorial enclaves abroad","","Total industries","Dollars","81","millions","6","v64599912","15.1","611.0","","","","1"
"2006","Canadian territorial enclaves abroad","","Total industries","Dollars","81","millions","6","v64599912","15.1","637.0","","","","1"
"2007","Canadian territorial enclaves abroad","","Total industries","Dollars","81","millions","6","v64599912","15.1","645.2","","","","1"
"2008","Canadian territorial enclaves abroad","","Total industries","Dollars","81","millions","6","v64599912","15.1","689.5","","","","1"
"2009","Canadian territorial enclaves abroad","","Total industries","Dollars","81","millions","6","v64599912","15.1","719.3","","","","1"
"2010","Canadian territorial enclaves abroad","","Total industries","Dollars","81","millions","6","v64599912","15.1","750.6","","","","1"
"2011","Canadian territorial enclaves abroad","","Total industries","Dollars","81","millions","6","v64599912","15.1","744.6","","","","1"
"2012","Canadian territorial enclaves abroad","","Total industries","Dollars","81","millions","6","v64599912","15.1","737.4","","","","1"
"2013","Canadian territorial enclaves abroad","","Total industries","Dollars","81","millions","6","v64599912","15.1","723.6","","","","1"
"2014","Canadian territorial enclaves abroad","","Total industries","Dollars","81","millions","6","v64599912","15.1","720.1","","","","1"
"2015","Canadian territorial enclaves abroad","","Total industries","Dollars","81","millions","6","v64599912","15.1","696.5","","","","1"
"2016","Canadian territorial enclaves abroad","","Total industries","Dollars","81","millions","6","v64599912","15.1","718.3","","","","1"
"2017","Canadian territorial enclaves abroad","","Total industries","Dollars","81","millions","6","v64599912","15.1","748.2","","","","1"
"2018","Canadian territorial enclaves abroad","","Total industries","Dollars","81","millions","6","v64599912","15.1","817.7","","","","1"
"2019","Canadian territorial enclaves abroad","","Total industries","Dollars","81","millions","6","v64599912","15.1","810.6","","","","1"


